{
  "navItems": [
    {
      "label": "Home",
      "path": "#home",
      "offset": "70"
    },
    {
      "label": "How To",
      "path": "#how-to",
      "offset": "70"
    },
    {
      "label": "Features",
      "path": "#features",
      "offset": "70"
    },
    {
      "label": "Testimonial",
      "path": "#testimonial",
      "offset": "70"
    },
    {
      "label": "Pricing",
      "path": "#pricing",
      "offset": "70"
    },
    {
      "label": "Faq",
      "path": "#faq",
      "offset": "70"
    }
  ],
  "clients": [
    {
      "id": 1,
      "logo": "../../assets/image/saasCreative/logos/envato.png"
    },
    {
      "id": 2,
      "logo": "../../assets/image/saasCreative/logos/evernote.png"
    },
    {
      "id": 3,
      "logo": "../../assets/image/saasCreative/logos/forbes.png"
    },
    {
      "id": 4,
      "logo": "../../assets/image/saasCreative/logos/geekwire.png"
    },
    {
      "id": 5,
      "logo": "../../assets/image/saasCreative/logos/slack.png"
    },
    {
      "id": 6,
      "logo": "../../assets/image/saasCreative/logos/usa-today.png"
    }
  ],
  "howTos": [
    {
      "id": 1,
      "icon": "../../assets/image/saasCreative/icons/1.png",
      "title": "Create Free Account",
      "text": "As a delivery driver, you'll make reliable money—working anytime, anywhere.",
      "linkLabel": "Start Earning",
      "link": "#"
    },
    {
      "id": 2,
      "icon": "../../assets/image/saasCreative/icons/2.png",
      "title": "Monitor user Analytics",
      "text": "Grow your business and reach new customers by partnering with us.",
      "linkLabel": "Sign up your store",
      "link": "#"
    },
    {
      "id": 3,
      "icon": "../../assets/image/saasCreative/icons/3.png",
      "title": "Safe & Trusted",
      "text": "Get the best DoorDash experience with live order tracking.",
      "linkLabel": "Get the app",
      "link": "#"
    },
    {
      "id": 4,
      "icon": "../../assets/image/saasCreative/icons/4.png",
      "title": "Fast Customer Support",
      "text": "Get the best DoorDash experience with live order tracking.",
      "linkLabel": "Start Earning",
      "link": "#"
    }
  ],
  "features": [
    {
      "id": 1,
      "icon": "../../assets/image/saasCreative/icons/5.png",
      "title": "Analytics Business",
      "description": "We’re driven beyond just finishing the projects. We want to find smart solutions."
    },
    {
      "id": 2,
      "icon": "../../assets/image/saasCreative/icons/6.png",
      "title": "Artificial Intelligence",
      "description": "We’re driven beyond just finishing the projects. We want to find smart solutions."
    },
    {
      "id": 3,
      "icon": "../../assets/image/saasCreative/icons/7.png",
      "title": "Privacy & Security",
      "description": "We’re driven beyond just finishing the projects. We want to find smart solutions."
    },
    {
      "id": 4,
      "icon": "../../assets/image/saasCreative/icons/8.png",
      "title": "Annual Reports",
      "description": "We’re driven beyond just finishing the projects. We want to find smart solutions."
    },
    {
      "id": 5,
      "icon": "../../assets/image/saasCreative/icons/9.png",
      "title": "Video Tutorial",
      "description": "We’re driven beyond just finishing the projects. We want to find smart solutions."
    },
    {
      "id": 6,
      "icon": "../../assets/image/saasCreative/icons/10.png",
      "title": "Performance Analysis",
      "description": "We’re driven beyond just finishing the projects. We want to find smart solutions."
    }
  ],
  "testimonials": [
    {
      "id": 1,
      "avatar": "../../assets/image/saasCreative/user1.png",
      "name": "Mariana Dickey",
      "designation": "UI Designer",
      "quote": "OMG! I cannot believe that I have got a brand new landing page after getting this template we are able to use our most used e-commerce template with modern and trending design."
    },
    {
      "id": 2,
      "avatar": "../../assets/image/saasCreative/user2.png",
      "name": "Jonathan Taylor",
      "designation": "CEO at Creativex",
      "quote": "We’re driven beyond just finishing the projects. We want to find solutions with the assessment. OMG! I cannot believe that I have got a brand new landing page."
    },
    {
      "id": 3,
      "avatar": "../../assets/image/saasCreative/user3.png",
      "name": "Krish Kendall",
      "designation": "Creative Director",
      "quote": "Pick one of our stock themes, or create your custom theme with the most advanced theme editor on any online survey building tool."
    }
  ],
  "pricing": [
    {
      "id": 1,
      "title": "Enjoy one month trial",
      "isPro": false,
      "features": [
        "Manage conversation directly",
        "Chat prompt supported",
        "Enjoy limited features from trial plans",
        "Own analytics platform"
      ]
    },
    {
      "id": 2,
      "title": "$15 with Ultimate feature",
      "isPro": true,
      "features": [
        "Manage ultimate conversation directly",
        "Chat prompt supported",
        "Enjoy unlimited features from paid plans",
        "Own analytics platform"
      ]
    }
  ],
  "faqs": [
    {
      "id": 1,
      "expend": true,
      "title": "01. What is the process of project final delivery system?",
      "description": "Our Customer Experience Team is available 7 days a week and we offer 2 ways to get in contact.Email and Chat. We try to reply quickly, so you need not to wait too long for a response!."
    },
    {
      "id": 2,
      "title": "02. What is payment process, believe in upfront?",
      "description": "Please read the documentation carefully. We also have some online  video tutorials regarding this issue. If the problem remains, Please Open a ticket in the support forum."
    },
    {
      "id": 3,
      "title": "03. What is the process of project final delivery system?",
      "description": "At first, Please check your internet connection. We also have some online  video tutorials regarding this issue. If the problem remains, Please Open a ticket in the support forum."
    },
    {
      "id": 4,
      "title": "04. Estimate project budget for categories?",
      "description": "Our core members created this place for Designers, Developers, Product Owners, Marketing Managers, startup's, Freelancers and really for everyone who appreciates fine designs and well-crafted sites. We want to inspire and support you in the process of creating your own unique website projects."
    },
    {
      "id": 5,
      "title": "05. All about project customization & monetization",
      "description": "We are giving the update of this theme continuously. You will receive an email Notification when we push an update. Always try to be updated with us."
    }
  ],
  "footer": [
    {
      "id": 1,
      "title": "Company",
      "list": [
        {
          "id": 1,
          "title": "About",
          "link": "#"
        },
        {
          "id": 2,
          "title": "Affiliate",
          "link": "#"
        },
        {
          "id": 3,
          "title": "Careers & Culture",
          "link": "#"
        },
        {
          "id": 4,
          "title": "Blog",
          "link": "#"
        },
        {
          "id": 5,
          "title": "Press",
          "link": "#"
        }
      ]
    },
    {
      "id": 2,
      "title": "About Us",
      "list": [
        {
          "id": 1,
          "title": "Support Center",
          "link": "#"
        },
        {
          "id": 2,
          "title": "Customer Support",
          "link": "#"
        },
        {
          "id": 3,
          "title": "About Us",
          "link": "#"
        },
        {
          "id": 4,
          "title": "Copyright",
          "link": "#"
        },
        {
          "id": 5,
          "title": "Popular Campaign",
          "link": "#"
        }
      ]
    },
    {
      "id": 3,
      "title": "Our Information",
      "list": [
        {
          "id": 1,
          "title": "Return Policy ",
          "link": "#"
        },
        {
          "id": 2,
          "title": "Privacy Policy",
          "link": "#"
        },
        {
          "id": 3,
          "title": "Terms & Conditions",
          "link": "#"
        },
        {
          "id": 4,
          "title": "Site Map",
          "link": "#"
        },
        {
          "id": 5,
          "title": "Store Hours",
          "link": "#"
        }
      ]
    },
    {
      "id": 4,
      "title": "My Account",
      "list": [
        {
          "id": 1,
          "title": "Press inquiries",
          "link": "#"
        },
        {
          "id": 2,
          "title": "Social media ",
          "link": "#"
        },
        {
          "id": 3,
          "title": "directories",
          "link": "#"
        },
        {
          "id": 4,
          "title": "Images & B-roll",
          "link": "#"
        },
        {
          "id": 5,
          "title": "Permissions",
          "link": "#"
        }
      ]
    },
    {
      "id": 5,
      "title": "Policy",
      "list": [
        {
          "id": 1,
          "title": "Application security",
          "link": "#"
        },
        {
          "id": 2,
          "title": "Software principles",
          "link": "#"
        },
        {
          "id": 3,
          "title": "Unwanted software policy",
          "link": "#"
        },
        {
          "id": 4,
          "title": "Responsible supply chain",
          "link": "#"
        }
      ]
    }
  ]
}
