{
  "MENU_ITEMS": [
    {
      "label": "Home",
      "path": "#banner_section",
      "offset": "70"
    },
    {
      "label": "Feature",
      "path": "#feature_section",
      "offset": "70"
    },
    {
      "label": "Service",
      "path": "#service_section",
      "offset": "70"
    },
    {
      "label": "Pricing",
      "path": "#pricing_section",
      "offset": "70"
    },
    {
      "label": "FAQ",
      "path": "#faq_section",
      "offset": "70"
    },
    {
      "label": "Contact",
      "path": "#contact_section",
      "offset": "70"
    }
  ],
  "BANNER_DATA": [
    {
      "title": "Tool to analyse your \n website performance",
      "text": "Moment Pro is the best software platform to collect reviews and user-generated content for your business",
      "image": "../../assets/image/sassMinimal/banner-image-1-1.png",
      "btnLabel": "Start 14-days free trail",
      "btnLink": "#",
      "offerText": "*No Credit card required"
    }
  ],
  "COMPANY_DATA": [
    {
      "image": "../../assets/image/sassMinimal/company-1-1.png"
    },
    {
      "image": "../../assets/image/sassMinimal/company-1-2.png"
    },
    {
      "image": "../../assets/image/sassMinimal/company-1-3.png"
    },
    {
      "image": "../../assets/image/sassMinimal/company-1-4.png"
    },
    {
      "image": "../../assets/image/sassMinimal/company-1-5.png"
    }
  ],
  "FEATURE_DATA": [
    {
      "title": "Unlimited members",
      "text": "We enjoy office retreats and visit famous places of our country and abroad also! We have planned to extend our business."
    },
    {
      "title": "Chat prompt supported",
      "text": "We enjoy office retreats and visit famous places of our country and abroad also! We have planned to extend our business."
    },
    {
      "title": "Unlimited members",
      "text": "We enjoy office retreats and visit famous places of our country and abroad also! We have planned to extend our business."
    },
    {
      "title": "Google analytics platform",
      "text": "We enjoy office retreats and visit famous places of our country and abroad also! We have planned to extend our business."
    },
    {
      "title": "Optimized hashtags enable",
      "text": "We enjoy office retreats and visit famous places of our country and abroad also! We have planned to extend our business."
    },
    {
      "title": "Google analytics platform",
      "text": "We enjoy office retreats and visit famous places of our country and abroad also! We have planned to extend our business."
    }
  ],
  "CUSTOMER_TRACKING": [
    {
      "tagline": "Audience source monitoring",
      "heading": "Track your audience and bounce rate with unique customers",
      "content": "Build an incredible workplace and grow your business with Gusto’s all-in-one platform with amazing contents. We’re driven beyond just finishing the projects. We want to find smart business solutions with ideas.",
      "btnLabel": "Explore details",
      "btnLink": "#",
      "image": "../../assets/image/sassMinimal/track-customer.png"
    }
  ],
  "SERVICE_DATA": [
    {
      "image": "../../assets/image/sassMinimal/service-1-1.png",
      "title": "3D modeling & art",
      "content": "Get your info tests delivered at home collect a sample from the your pogress tests."
    },
    {
      "image": "../../assets/image/sassMinimal/service-1-2.png",
      "title": "Digital promotion",
      "content": "Get your info tests delivered at home collect a sample from the your pogress tests."
    },
    {
      "image": "../../assets/image/sassMinimal/service-1-3.png",
      "title": "Business Enterprise",
      "content": "Get your info tests delivered at home collect a sample from the your pogress tests."
    },
    {
      "image": "../../assets/image/sassMinimal/service-1-4.png",
      "title": "Marketing & advertising",
      "content": "Get your info tests delivered at home collect a sample from the your pogress tests."
    },
    {
      "image": "../../assets/image/sassMinimal/service-1-5.png",
      "title": "Ultimate development",
      "content": "Get your info tests delivered at home collect a sample from the your pogress tests."
    },
    {
      "image": "../../assets/image/sassMinimal/service-1-6.png",
      "title": "Online support",
      "content": "Get your info tests delivered at home collect a sample from the your pogress tests."
    }
  ],
  "FEATURE_TWO_DATA": [
    {
      "image": "../../assets/image/sassMinimal/feature-2-1.png",
      "title": "Smart Features",
      "content": "We’re driven beyond just finishing the projects. We want to find smart solutions."
    },
    {
      "image": "../../assets/image/sassMinimal/feature-2-2.png",
      "title": "Secure Contents",
      "content": "We’re driven beyond just finishing the projects. We want to find smart solutions."
    }
  ],
  "TWITTER_DATA": [
    {
      "image": "../../assets/image/sassMinimal/twitter-1-1.png",
      "name": "Jonathan Taylor",
      "designation": "CEO at Creativex",
      "content": "Whenever I need to create a new cool ecommerce site for clients, @redqteam is my solution is the best agency. We are super excited about it."
    },
    {
      "image": "../../assets/image/sassMinimal/twitter-1-2.png",
      "name": "Gavin Park",
      "designation": "CEO at Orbital",
      "content": "@redqteam is great for creating with landing pages within minutes! It then actually takes less time…"
    },
    {
      "image": "../../assets/image/sassMinimal/twitter-1-3.png",
      "name": "Betty Norton",
      "designation": "Freelance Designer",
      "content": "Whenever I need to create a new cool ecommerce site for clients, @redqteam is my solution is the best agency. We are super excited about it."
    }
  ],
  "FOOTER_WIDGET": [
    {
      "title": "About Us",
      "menuItems": [
        {
          "url": "#",
          "text": "Support Center"
        },
        {
          "url": "#",
          "text": "Customer Support"
        },
        {
          "url": "#",
          "text": "About Us"
        },
        {
          "url": "#",
          "text": "Copyright"
        }
      ]
    },
    {
      "title": "Our Information",
      "menuItems": [
        {
          "url": "#",
          "text": "Return Policy"
        },
        {
          "url": "#",
          "text": "Privacy Policy"
        },
        {
          "url": "#",
          "text": "Terms & Conditions"
        },
        {
          "url": "#",
          "text": "Site Map"
        }
      ]
    },
    {
      "title": "My Account",
      "menuItems": [
        {
          "url": "#",
          "text": "Press inquiries"
        },
        {
          "url": "#",
          "text": "Social media"
        },
        {
          "url": "#",
          "text": "directories"
        },
        {
          "url": "#",
          "text": "Images & B-roll"
        }
      ]
    },
    {
      "title": "Policy",
      "menuItems": [
        {
          "url": "#",
          "text": "Application security"
        },
        {
          "url": "#",
          "text": "Software principles"
        },
        {
          "url": "#",
          "text": "Unwanted software policy"
        },
        {
          "url": "#",
          "text": "Responsible supply chain"
        }
      ]
    }
  ],
  "FAQ_DATA": [
    {
      "title": "What is the process of project final delivery system?",
      "description": "Our core members created this place for Designers, Developers, Product Owners, Marketing Managers, Startupers, Freelancers and really for everyone who appreciates fine designs and well-crafted sites. We want to inspire and support you in the process of creating your own unique website projects."
    },
    {
      "title": "What is payment process, believe in upfront?",
      "description": "Our core members created this place for Designers, Developers, Product Owners, Marketing Managers, Startupers, Freelancers and really for everyone who appreciates fine designs and well-crafted sites. We want to inspire and support you in the process of creating your own unique website projects."
    },
    {
      "expend": true,
      "title": "Any refund policy available if client don’t agree?",
      "description": "Our core members created this place for Designers, Developers, Product Owners, Marketing Managers, Startupers, Freelancers and really for everyone who appreciates fine designs and well-crafted sites. We want to inspire and support you in the process of creating your own unique website projects."
    },
    {
      "title": "Estimate project budget for categories?",
      "description": "Our core members created this place for Designers, Developers, Product Owners, Marketing Managers, Startupers, Freelancers and really for everyone who appreciates fine designs and well-crafted sites. We want to inspire and support you in the process of creating your own unique website projects."
    },
    {
      "title": "What is the process of project final delivery system?",
      "description": "Our core members created this place for Designers, Developers, Product Owners, Marketing Managers, Startupers, Freelancers and really for everyone who appreciates fine designs and well-crafted sites. We want to inspire and support you in the process of creating your own unique website projects."
    },
    {
      "title": "All about project customization & monitaization",
      "description": "Our core members created this place for Designers, Developers, Product Owners, Marketing Managers, Startupers, Freelancers and really for everyone who appreciates fine designs and well-crafted sites. We want to inspire and support you in the process of creating your own unique website projects."
    }
  ],
  "MONTHLY_PRICING_TABLE": [
    {
      "isRecomended": false,
      "name": "Starter Pack",
      "price": "$8.93",
      "priceLabel": "/mo",
      "buttonLabel": "Create Account",
      "url": "#",
      "listItems": [
        {
          "isDisabled": false,
          "content": "500 users"
        },
        {
          "isDisabled": false,
          "content": "Own analytics platform"
        },
        {
          "isDisabled": false,
          "content": "Unlimited links"
        },
        {
          "isDisabled": false,
          "content": "Chat promt supported"
        },
        {
          "isDisabled": true,
          "content": "Optimzed hashtags"
        }
      ]
    },
    {
      "isRecomended": true,
      "name": "Standard Pack",
      "price": "$15.93",
      "priceLabel": "/mo",
      "buttonLabel": "Create Account",
      "url": "#",
      "listItems": [
        {
          "isDisabled": false,
          "content": "Own analytics platform"
        },
        {
          "isDisabled": false,
          "content": "Unlimited links"
        },
        {
          "isDisabled": false,
          "content": "Chat promt supported"
        },
        {
          "isDisabled": false,
          "content": "Optimzed hashtags"
        }
      ]
    },
    {
      "isRecomended": false,
      "name": "For business enterprise",
      "price": "Let’s Talk",
      "priceLabel": "",
      "buttonLabel": "Create Account",
      "url": "#",
      "listItems": [
        {
          "isDisabled": false,
          "content": "10,000 users"
        },
        {
          "isDisabled": false,
          "content": "Own analytics platform"
        },
        {
          "isDisabled": false,
          "content": "Unlimited links"
        },
        {
          "isDisabled": false,
          "content": "Chat promt supported"
        },
        {
          "isDisabled": false,
          "content": "Optimzed hashtags"
        }
      ]
    }
  ],
  "YEARLY_PRICING_TABLE": [
    {
      "isRecomended": false,
      "name": "Starter Pack",
      "price": "$40.43",
      "priceLabel": "/yr",
      "buttonLabel": "Create Account",
      "url": "#",
      "listItems": [
        {
          "isDisabled": false,
          "content": "500 users"
        },
        {
          "isDisabled": false,
          "content": "Own analytics platform"
        },
        {
          "isDisabled": false,
          "content": "Unlimited links"
        },
        {
          "isDisabled": false,
          "content": "Chat promt supported"
        },
        {
          "isDisabled": true,
          "content": "Optimzed hashtags"
        }
      ]
    },
    {
      "isRecomended": true,
      "name": "Standard Pack",
      "price": "$75.79",
      "priceLabel": "/yr",
      "buttonLabel": "Create Account",
      "url": "#",
      "listItems": [
        {
          "isDisabled": false,
          "content": "Own analytics platform"
        },
        {
          "isDisabled": false,
          "content": "Unlimited links"
        },
        {
          "isDisabled": false,
          "content": "Chat promt supported"
        },
        {
          "isDisabled": false,
          "content": "Optimzed hashtags"
        }
      ]
    },
    {
      "isRecomended": false,
      "name": "For business enterprise",
      "price": "Let’s Talk",
      "priceLabel": "",
      "buttonLabel": "Create Account",
      "url": "#",
      "listItems": [
        {
          "isDisabled": false,
          "content": "10,000 users"
        },
        {
          "isDisabled": false,
          "content": "Own analytics platform"
        },
        {
          "isDisabled": false,
          "content": "Unlimited links"
        },
        {
          "isDisabled": false,
          "content": "Chat promt supported"
        },
        {
          "isDisabled": false,
          "content": "Optimzed hashtags"
        }
      ]
    }
  ]
}
