{
  "menuItems": [
    {
      "label": "Home",
      "path": "#home",
      "offset": "70"
    },
    {
      "label": "Services",
      "path": "#services",
      "offset": "70"
    },
    {
      "label": "Features",
      "path": "#features",
      "offset": "20"
    },
    {
      "label": "Pricing",
      "path": "#pricing",
      "offset": "70"
    },
    {
      "label": "Testimonials",
      "path": "#testimonials",
      "offset": "70"
    },
    {
      "label": "News",
      "path": "#news",
      "offset": "70"
    },
    {
      "label": "Faq",
      "path": "#faq",
      "offset": "70"
    },
    {
      "label": "Login",
      "path": "#",
      "offset": "70"
    }
  ],
  "services": [
    {
      "id": 1,
      "title": "Cloud Hosting",
      "price": "$0.63/mo"
    },
    {
      "id": 2,
      "title": "Web Hosting",
      "price": "$0.75/mo"
    },
    {
      "id": 3,
      "title": "VPS Hosting",
      "price": "$0.68/mo"
    },
    {
      "id": 4,
      "title": "WordPress Hosting",
      "price": "$0.72/mo"
    },
    {
      "id": 5,
      "title": "Domains",
      "price": "$0.75/mo"
    },
    {
      "id": 6,
      "title": "Email Hosting",
      "price": "$0.56/mo"
    },
    {
      "id": 7,
      "title": "VPN Service",
      "price": "$0.69/mo"
    },
    {
      "id": 8,
      "title": "Image Cloud",
      "price": "$0.75/mo"
    }
  ],
  "accordions": [
    {
      "id": 1,
      "expanded": true,
      "title": "Organize your project content",
      "desc": "Get your website ads tests delivered at let collect sample from the victory of the managements that supplies best design system which guidelines ever with multiple features."
    },
    {
      "id": 2,
      "expanded": false,
      "title": "Collaborate your multiple team support easily",
      "desc": "Get your website ads tests delivered at let collect sample from the victory of the managements that supplies best design system which guidelines ever with multiple features."
    },
    {
      "id": 3,
      "expanded": false,
      "title": "Build your team's knowledge base system",
      "desc": "Get your website ads tests delivered at let collect sample from the victory of the managements that supplies best design system which guidelines ever with multiple features."
    }
  ],
  "ultimateFeatures": [
    {
      "id": 1,
      "icon": "common/assets/image/hostingModern/features/1.png",
      "title": "ultimate Email  subscription",
      "desc": "Get your info tests delivered at home collect a sample from the your task.",
      "learnMoreLink": "#"
    },
    {
      "id": 2,
      "icon": "common/assets/image/hostingModern/features/2.png",
      "title": "Bolt Performance",
      "desc": "Get your info tests delivered at home collect a sample from the your task.",
      "learnMoreLink": "#"
    },
    {
      "id": 3,
      "icon": "common/assets/image/hostingModern/features/3.png",
      "title": "Secure Transaction",
      "desc": "Get your info tests delivered at home collect a sample from the your task.",
      "learnMoreLink": "#"
    },
    {
      "id": 4,
      "icon": "common/assets/image/hostingModern/features/4.png",
      "title": "Multiple Options",
      "desc": "Get your info tests delivered at home collect a sample from the your task.",
      "learnMoreLink": "/hello"
    },
    {
      "id": 5,
      "icon": "common/assets/image/hostingModern/features/5.png",
      "title": "5 Star Rating service",
      "desc": "Get your info tests delivered at home collect a sample from the your task.",
      "learnMoreLink": "/world"
    },
    {
      "id": 6,
      "icon": "common/assets/image/hostingModern/features/6.png",
      "title": "Integrated with Shopify",
      "desc": "Get your info tests delivered at home collect a sample from the your task.",
      "learnMoreLink": "#"
    }
  ],
  "pricingInfo": [
    {
      "id": 1,
      "title": "Startup Pack",
      "desc": "For the startup team who work with new come data stack",
      "price": 25.99,
      "buttonText": "Start Free Trial",
      "isRecommended": false,
      "features": [
        {
          "id": 1,
          "name": "Ultimate access to all course, exercises and assessments",
          "isDisabled": false
        },
        {
          "id": 2,
          "name": "Free access for all kind of exercise corrections with downloads.",
          "isDisabled": false
        },
        {
          "id": 3,
          "name": "Total assessment corrections with free download access system",
          "isDisabled": false
        },
        {
          "id": 4,
          "name": "Unlimited download of courses on the mobile app contents",
          "isDisabled": true
        }
      ]
    },
    {
      "id": 2,
      "title": "Premium Pack",
      "desc": "For the organization who work with new come data stack",
      "price": 29.99,
      "buttonText": "Start Free Trial",
      "isRecommended": true,
      "features": [
        {
          "id": 1,
          "name": "Ultimate access to all course, exercises and assessments",
          "isDisabled": false
        },
        {
          "id": 2,
          "name": "Free access for all kind of exercise corrections with downloads.",
          "isDisabled": false
        },
        {
          "id": 3,
          "name": "Total assessment corrections with free download access system",
          "isDisabled": false
        },
        {
          "id": 4,
          "name": "Unlimited download of courses on the mobile app contents",
          "isDisabled": false
        }
      ]
    },
    {
      "id": 3,
      "title": "Ultimate Pack",
      "desc": "For the organization who work with new come data stack",
      "price": 34.99,
      "buttonText": "Start Free Trial",
      "isRecommended": false,
      "features": [
        {
          "id": 1,
          "name": "Ultimate access to all course, exercises and assessments",
          "isDisabled": false
        },
        {
          "id": 2,
          "name": "Free access for all kind of exercise corrections with downloads.",
          "isDisabled": false
        },
        {
          "id": 3,
          "name": "Total assessment corrections with free download access system",
          "isDisabled": false
        },
        {
          "id": 4,
          "name": "Unlimited download of courses on the mobile app contents",
          "isDisabled": false
        }
      ]
    }
  ],
  "testimonials": [
    {
      "id": 1,
      "name": "Melina Pettendorfer",
      "image": "../../assets/image/hostingModern/author1.png",
      "designation": "CEO of Uber",
      "quote": "Best host I've had in 10 years. Smooth migration, no stress, and friendly support one click away. I'm very happy and recommend their services"
    },
    {
      "id": 2,
      "name": "Kelsi Gordon",
      "image": "../../assets/image/hostingModern/author1.png",
      "designation": "Insurance Broker",
      "quote": "My busy schedule leaves little, if any, time for blogging and social media. The Lorem Ipsum Company has been a huge part of helping me grow my business"
    },
    {
      "id": 3,
      "name": "Tasha Zuzalek",
      "image": "../../assets/image/hostingModern/author1.png",
      "designation": "Facebook Project Manager",
      "quote": "Professional, responsive, and able to keep up with ever-changing demand and tight deadlines."
    }
  ],
  "newsFeed": [
    {
      "id": 1,
      "image": "../../assets/image/hostingModern/news1.png",
      "title": "Learn from how to host your site",
      "excerpt": "Brian Halligan knows that you need more than a great product to have a great brand with new features.",
      "link": "#"
    },
    {
      "id": 2,
      "image": "../../assets/image/hostingModern/news2.png",
      "title": "Customize your domain hosting",
      "excerpt": "Brian Halligan knows that you need more than a great product to have a great brand with new features.",
      "link": "#"
    },
    {
      "id": 3,
      "image": "../../assets/image/hostingModern/news3.png",
      "title": "Learn how to upload on cloud host",
      "excerpt": "Brian Halligan knows that you need more than a great product to have a great brand with new features.",
      "link": "#"
    }
  ],
  "faqs": [
    {
      "id": 1,
      "title": "Which domain should I purchase?",
      "desc": "We make it easy to move to CometNine. Simply contact us and we'll move your hosting account from any other provider, regardless of the control panel. If at anytime your website is down for more than 0.1% result"
    },
    {
      "id": 4,
      "title": "Can I upgrade or downgrade my web hosting plan",
      "desc": "The pricing made me a little hesitant at first but I have been pleasantly surprised by the level of care given by CometNine."
    },
    {
      "id": 2,
      "title": "What are some tips when choosing a name?",
      "desc": "Get your website tests delivered at the home collect a sample from management news. Get your blood tests delivered at the home collect a sample from management news. Get your blood tests delivered at the home collect a sample from management news."
    },
    {
      "id": 5,
      "title": "How do I upgrade the storage capacity of my hosting plan?",
      "desc": "Stop your viewers from getting distracted. Publish videos to your own Channel and rest easy knowing viewers won’t be annoyed by ads or pulled down a rabbit hole of unrelated videos."
    },
    {
      "id": 3,
      "title": "What if I need help choosing the right domain?",
      "desc": "Create a hub for cross-functional work that also works with all your other tools. Centralize and standardize communication with Miro. All premium functional are included here with updates."
    },
    {
      "id": 6,
      "title": "What is in InMotion Hosting’s uptime rate?",
      "desc": "Designed with beginners in mind and packed with advanced features developers will love. Start with a quick and simple install"
    },
    {
      "id": 7,
      "title": "Learn from community on Brandwagon",
      "desc": "Brian Halligan knows that you need more than a great product to have a great brand. Hear his thoughts & score a peek at our wagon."
    }
  ],
  "aboutUs": [
    {
      "id": 1,
      "title": "Support Center"
    },
    {
      "id": 2,
      "title": "Customer Support"
    },
    {
      "id": 3,
      "title": "About Us"
    },
    {
      "id": 4,
      "title": "Copyright"
    }
  ],
  "ourInformation": [
    {
      "id": 1,
      "title": "Return Policy"
    },
    {
      "id": 2,
      "title": "Privacy Policy"
    },
    {
      "id": 3,
      "title": "Terms & Conditions"
    },
    {
      "id": 4,
      "title": "Site Map"
    }
  ],
  "myAccount": [
    {
      "id": 1,
      "title": "Press inquiries"
    },
    {
      "id": 2,
      "title": "Social media"
    },
    {
      "id": 3,
      "title": "directories"
    },
    {
      "id": 4,
      "title": "Images & B-roll"
    }
  ],
  "social": [
    {
      "id": 1,
      "title": "Facebook",
      "link": "#",
      "icon": "../../assets/image/agencyModern/icons/facebook.png"
    },
    {
      "id": 2,
      "title": "Twitter",
      "link": "http://twitter.com",
      "icon": "../../assets/image/agencyModern/icons/twitter.png"
    },
    {
      "id": 3,
      "title": "Github",
      "link": "#",
      "icon": "../../assets/image/agencyModern/icons/github.png"
    },
    {
      "id": 4,
      "title": "Dribbble",
      "link": "#",
      "icon": "../../assets/image/agencyModern/icons/dribbble.png"
    }
  ]
}
